BodyID,X,Y,Z,VX,VY,VZ
0,-0.0175439,0.323483,0.159476,-3.73738,-0.550237,4.07785
1,8.09112,-8.27882,-8.63939,6.38138,-5.8894,-6.83647
2,-0.0786739,0.0921184,-0.46606,-1.4145,-1.30856,-8.63554
3,0.678497,-0.0743169,-0.702083,4.51877,-4.03856,-5.85765
4,-0.173401,0.0232273,0.77744,-2.03055,-0.112271,-13.5021
5,7.52152,-8.30606,-8.4815,7.22411,-8.50497,-6.18629
6,-8.86303,10.0004,-4.23831,-6.78162,7.80555,-3.87507
7,6.96857,-6.84072,-6.97847,5.76822,-4.73849,-4.43975
8,0.0994809,1.34738,0.682031,3.09091,-4.08838,-4.79208
9,0.136218,0.220919,-0.060895,1.53406,-4.43181,8.1605
10,-0.21898,0.114214,0.61932,7.34873,8.17589,-6.77151
11,0.168594,0.161604,0.355963,0.529882,9.4504,-10.9257
12,0.12757,0.252051,0.037906,3.57082,7.17907,-0.78325
13,0.00237743,0.287424,0.0439627,-15.2878,-6.41413,5.5976
14,0.157938,0.171046,-0.175402,-3.14116,11.883,-7.37139
15,0.243086,0.473871,-0.230754,0.887755,-5.68148,-2.48415
16,-0.0384024,0.172739,-0.460654,3.64164,1.36555,8.31516
17,0.0748283,0.0835571,0.61871,-12.111,-14.52,16.1813
18,0.0180808,0.359276,0.11605,-21.2696,-3.49077,13.8626
19,-0.0443763,0.350619,0.374509,-8.29825,-1.76497,12.2758
20,0.0837865,0.265309,-0.0215383,-3.94382,8.68855,0.0204944
21,0.15006,0.0849322,0.393567,10.5939,-5.07787,16.8552
22,1.17526,1.30788,-0.940292,-6.3933,-2.0933,8.06127
23,0.0208596,0.330418,0.272573,-7.722,-0.968018,-4.38046
24,0.0945728,0.190208,0.436119,5.93062,-2.74487,-7.46002
25,0.209097,0.167201,-0.0230881,-7.29835,9.21268,16.9522
26,0.263146,0.266491,0.592842,4.39524,-0.526245,9.51167
27,0.183007,0.242791,0.527737,-2.88818,-1.22073,1.97715
28,0.0837428,0.25921,0.379136,0.352458,0.829026,-5.5844
29,0.152317,0.326993,-0.0710094,12.3016,-1.98642,3.08941
30,0.0823524,0.339576,-0.08804,5.8309,-6.13137,-13.2139
31,0.0432003,0.271975,0.452208,3.22307,-0.172598,-1.41445
32,1.06754,1.43676,1.28619,-10.3838,-11.8403,-10.5489
33,-0.0300457,-0.131614,-0.445762,8.19052,4.35973,-1.68754
34,-5.06062,-5.80245,-6.79088,-2.69906,-3.87524,-5.70228
35,0.137077,0.382913,0.290189,-2.18753,4.72289,-6.51923
36,0.162141,0.339371,0.634116,4.23818,-8.65769,-7.10445
37,0.00254286,-0.0949054,-0.35633,-6.89824,1.78216,-6.49158
38,-0.0986573,-0.512257,0.0050567,-2.47313,8.60973,5.80945
39,0.236972,0.330939,0.0587806,2.53001,6.47677,-3.08946
40,0.104031,-0.0921146,0.782084,-1.90091,-0.494553,-14.429
41,0.0957162,0.189353,0.0948061,-6.07432,-1.18124,3.6554
42,0.103001,0.327144,0.647283,0.755445,0.629211,-20.032
43,0.155175,0.163336,0.202291,-0.438719,11.8495,11.1769
44,0.81196,0.306179,-0.98157,-2.26069,-3.12423,-4.28881
45,0.270013,0.232493,-0.515003,-6.37772,2.44566,6.4056
46,0.145288,0.2441,0.113577,1.16314,-1.50869,5.09756
47,0.092724,0.145503,-0.0523493,10.9125,7.99459,3.40589
48,-0.0527155,-0.345935,-0.110889,-6.63283,4.48487,4.06956
49,0.241939,0.557265,0.463504,-3.01734,-5.5566,11.5325
50,-1.67164,-3.29855,-3.65514,0.85646,3.05206,3.3227
51,0.124444,0.30725,0.247274,-6.75891,-3.87515,-2.12509
52,0.404098,0.125587,0.0562049,7.42956,-0.125951,5.52605
53,0.128226,0.0719465,-0.0379309,-2.58688,-4.43832,13.3554
54,0.0684708,0.414207,1.12139,-6.80072,-0.669658,-11.3853
55,0.402872,0.131916,-0.440224,7.6239,8.67628,-11.7468
56,0.138834,0.251018,0.64797,-15.9483,-6.3868,11.9264
57,0.965021,-0.310434,1.20122,-2.96994,7.79103,-6.02441
58,0.145117,0.438531,-0.400718,-9.43101,-0.964809,-1.85166
59,0.247899,0.315898,-0.0801281,8.97338,-4.45184,2.62505
60,0.112057,0.326375,0.137,-2.20358,-0.347794,-0.566754
61,0.0947582,0.145228,0.248018,7.4526,13.6418,-5.85373
62,0.18726,0.243607,0.724717,3.30737,16.6831,12.2361
63,1.01253,-0.290677,-0.42387,13.2343,-5.51585,-6.76726
64,0.0916249,0.114647,0.433416,-5.57745,1.72423,4.60641
65,0.212179,0.310128,0.185213,1.80982,-3.36878,-6.89135
66,0.226525,1.28927,0.202054,3.02867,1.10762,-2.87255
67,0.13385,0.470727,0.696408,2.74579,-8.84826,-6.82985
68,0.0628565,-0.227616,-0.842779,5.07002,-1.38825,-5.48646
69,0.0243422,0.342824,0.461568,2.85167,1.91821,-4.65914
70,-6.64836,-6.90248,-7.51715,-5.54945,-6.40184,-5.359
71,-5.7494,5.50356,7.92965,-2.40951,3.23986,4.71708
72,0.130021,0.35306,0.130679,3.04252,-2.12934,4.40337
73,0.0617495,0.182411,-0.83624,4.77226,6.77467,-10.2682
74,0.489244,0.513862,0.995133,-12.343,-7.77295,-19.4751
75,0.178736,0.211201,0.170215,-14.131,-21.8448,18.2046
76,0.223602,0.206965,0.155559,0.600506,1.91557,0.749484
77,5.98847,6.73998,-7.6729,4.21798,4.73945,-5.25414
78,-0.00910251,0.187398,0.128775,-0.537417,-6.2851,27.5519
79,0.0185622,0.385129,0.416604,9.81652,-8.44268,37.8269
80,0.642366,0.416293,-0.242835,-0.872392,-3.67999,-3.08252
81,0.188488,0.295448,3.58997,2.85372,3.87515,6.4427
82,0.0844138,0.125419,0.268075,-5.75346,24.6005,-14.2586
83,0.43754,-0.11172,-2.03697,-4.8573,4.64496,5.71065
84,0.2837,0.177849,0.244355,3.96722,4.91024,-11.3696
85,0.107853,0.427776,-0.516035,-15.279,4.04624,-11.1588
86,0.209674,0.278832,0.0685694,-6.15494,-3.81125,3.06527
87,-0.130767,0.0648794,0.0740114,-19.8641,-3.42659,-15.9482
88,0.159016,0.229676,0.0743449,18.4754,8.85112,24.0683
89,0.890396,0.110767,0.4688,-9.57632,-1.52362,-3.15277
90,0.226882,0.165445,0.191132,13.4405,0.0416826,3.78352
91,0.132003,0.307382,0.171027,12.2676,-2.95425,6.46798
92,0.135172,0.3331,0.256475,-6.35056,3.50175,5.62016
93,0.150698,0.257248,0.531621,5.20279,3.51536,-9.21505
94,-6.89105,-7.30474,-7.94075,-5.36191,-4.22998,-4.81512
95,-0.549353,0.397905,1.36517,3.10424,0.804786,0.439035
96,-6.13832,-6.08173,-7.00871,-2.44871,-6.06181,-3.86349
97,-0.0160848,0.28618,-0.603295,9.50514,3.134,-11.1982
98,-1.70125,-0.237366,2.94216,2.61546,-2.08253,-0.928992
99,0.0973799,0.117805,0.13702,-4.96129,-5.54826,-2.63332
100,-0.0750502,0.237576,-0.0205669,-1.6282,-24.7307,-22.7933
101,0.120637,0.0781786,0.174638,-2.53514,5.60832,-3.8573
102,0.186515,0.169238,0.1367,2.05672,0.402027,3.46907
103,0.180424,0.199596,0.141177,-0.34745,3.71099,17.7525
104,0.321885,0.216747,0.127148,-0.313967,8.3945,-2.63196
105,-1.3118,2.13021,-2.13461,-1.81596,1.4443,-4.01329
106,0.440632,-0.117232,0.674404,-1.03186,-8.58081,14.946
107,0.227751,0.356506,0.52266,10.4196,2.95585,-2.46408
108,1.19417,1.4383,-1.4082,-4.50548,1.71385,5.5662
109,0.171246,0.3081,0.263646,8.41778,4.42178,9.22212
110,0.184785,0.174751,-0.079632,17.1231,-2.64621,4.07286
111,-0.808833,-0.0964806,1.09074,5.57454,5.45339,-2.9283
112,0.274195,0.793754,0.721959,0.876688,-14.7204,-5.47855
113,-5.59965,5.28246,7.98546,-3.20229,2.67251,5.38693
114,-7.22003,-7.35612,-7.6329,-6.88896,-5.08641,-3.23114
115,-0.0153564,0.406112,0.464659,3.43916,12.1726,7.47008
116,0.341883,0.157447,-0.110063,22.4755,-0.962469,-19.5659
117,-10.0713,-8.73099,8.26362,-8.95465,-7.78786,4.69323
118,0.137902,0.29277,-0.0962175,5.42701,7.55525,9.75837
119,0.111767,-8.15897e-05,0.115161,0.471832,-10.1921,27.3326
120,0.197917,0.393904,0.39219,3.16068,13.3721,8.58139
121,0.00387817,0.391924,0.0668532,1.52876,21.3744,28.1382
122,0.198889,0.305364,0.478268,9.34604,-1.78161,7.38917
123,0.0856813,0.153309,0.233412,-4.94474,-10.2473,3.72728
124,0.0949677,0.195752,0.0966775,-3.36223,-2.57432,5.63556
125,-6.85731,8.38228,-7.62135,-5.0574,6.58824,-5.75181
126,0.125106,0.525374,0.98702,-1.2284,-0.171093,4.92246
127,0.388506,0.366473,0.0222514,4.2492,-1.16509,35.771
128,0.605209,0.204739,-0.198334,-2.36178,-8.77611,10.651
129,-6.78574,8.33383,-7.70625,-2.294,5.84336,-6.02127
130,-0.164678,-0.696249,1.20605,0.187869,8.57559,-7.7702
131,1.3493,1.26975,-0.299849,8.9885,4.94517,-5.85417
132,0.118931,0.234307,0.0698122,3.98274,-6.49282,4.35401
133,-7.05643,-7.31287,-7.67992,-3.09318,-5.63014,-4.35804
134,1.34029,-0.199233,0.188452,-0.868439,3.86307,4.97187
135,0.266368,0.16063,0.264063,-3.52903,-4.34522,21.3017
136,0.124597,0.220425,0.269839,-8.08696,-7.34498,10.4297
137,0.0218845,0.33784,0.528492,-2.58127,14.4073,-26.8711
138,0.171889,0.252998,0.196016,-1.40318,-0.592225,8.11259
139,-0.0913686,0.271276,0.282261,-1.38101,18.7378,-14.4641
140,0.184372,0.309738,0.146842,1.07145,0.195853,-3.28745
141,-0.0309252,0.239327,0.616786,1.23384,11.2756,7.08953
142,0.154683,0.279399,0.160493,-5.08494,6.38651,6.31475
143,0.202623,0.252245,0.153332,-1.32264,-0.270622,3.05311
144,0.672775,0.0397655,-0.744169,2.57793,-4.14516,-1.39215
145,0.271843,-0.0296139,-0.8624,8.83719,-0.012602,1.30937
146,0.168221,0.364672,0.498587,5.13757,12.9659,9.33865
147,0.00319391,0.673287,-2.75178,-2.18809,-4.24441,4.02768
148,0.21632,0.326613,0.90686,-2.84145,-10.1401,11.2395
149,-0.0875308,0.149512,0.312362,-8.92953,-11.4132,16.6673
150,-0.0196754,0.387215,0.048714,-0.851846,2.6895,5.53492
151,0.0266016,0.337619,-0.287399,5.65164,-4.76777,-16.7234
152,0.791534,-2.75096,-0.593262,4.8934,-8.25072,-1.17728
153,0.388528,-0.0294213,0.453629,-4.49105,-2.73809,-33.3685
154,0.0819169,0.197428,0.606815,-3.48078,1.37125,6.58315
155,0.139253,0.323622,0.23834,4.79604,6.42879,-4.50174
156,7.16779,8.30991,-8.60404,4.90013,6.20185,-7.07429
157,0.138191,0.280459,0.411221,1.18555,6.80672,18.0234
158,0.0506052,0.163949,-0.15782,2.74057,7.01999,-11.0136
159,0.12092,0.0635751,-0.255755,3.55305,-3.65784,-18.1921
160,0.704739,0.69771,-0.79073,-7.58707,-9.07131,7.05527
161,0.00684236,0.287514,0.356677,-10.9921,-2.21484,13.4542
162,0.148239,0.271067,0.523856,-7.08547,14.9931,-6.96968
163,-0.521007,0.233427,3.8577,2.31348,2.8889,-0.0163234
164,0.140296,1.3389,1.50249,3.61534,5.11356,-0.10441
165,0.00785046,0.282308,0.149364,5.95536,4.47471,-18.1328
166,0.154405,0.177733,0.34057,1.46481,-10.0881,10.7829
167,-0.315229,0.427342,-0.26407,-10.096,-0.563445,-5.29616
168,0.279204,0.208867,0.143859,0.164862,5.86972,-1.12548
169,-0.103205,0.437064,-0.0848199,-12.003,5.21066,-15.5101
170,-7.00829,-7.32699,-7.78943,-1.46048,-2.98038,-3.90903
171,-2.30557,-3.78341,4.24895,0.78376,2.36747,-1.23686
172,0.339004,0.205706,0.147038,-18.6193,15.1114,-16.703
173,0.625812,-0.956422,2.12568,0.776972,-4.70885,6.27918
174,0.0285243,0.330368,0.320592,1.92552,-5.43642,-4.29845
175,0.323563,0.127394,-0.208683,2.38161,10.8371,-7.3562
176,0.558015,-0.421831,1.36816,4.65873,-11.957,13.6722
177,0.0593878,0.220859,0.235109,6.82237,-6.54813,-8.67899
178,-0.0551902,0.0828938,-0.142116,-13.4867,-13.9271,-14.3658
179,0.158545,0.276103,0.295185,-0.200193,11.0009,7.1534
180,0.144526,0.134342,0.209916,-5.87767,-10.448,-2.68821
181,0.226549,0.157892,0.505062,3.30548,-8.51631,27.1374
182,-0.982347,1.23823,2.53597,-3.0216,2.21529,12.0082
183,0.172782,0.496157,-0.116631,1.23844,-0.169101,-4.911
184,0.190068,0.247067,-0.111461,2.38151,-1.73162,0.60328
185,0.345932,-0.823465,-3.25626,-1.3312,1.15719,-2.84967
186,0.289103,0.574989,0.930804,-7.45959,-6.57694,2.71441
187,0.0297185,0.381175,0.132646,-1.48834,6.10636,-26.0621
188,0.111252,0.150411,0.164336,-5.61395,-7.18634,-4.79471
189,0.136452,0.244837,0.139139,-0.461447,2.02272,6.27982
190,1.41205,1.44985,-1.30353,2.53137,7.0502,-0.968503
191,0.132361,0.188383,0.621606,-4.64448,-5.63722,5.26792
192,0.176559,0.280174,0.300102,0.623549,-3.47878,2.12801
193,0.445392,0.214767,-0.0166385,-1.47967,1.21423,14.0506
194,0.0387053,0.135149,0.655015,5.24533,11.3482,-17.6541
195,7.60258,-9.83615,8.05287,5.61988,-7.84571,7.39262
196,0.109722,-0.103013,0.48136,9.441,-25.7776,17.4591
197,0.203792,0.363935,0.742234,-3.32591,-2.41479,-5.61533
198,0.279902,0.277837,-0.202407,-7.21257,-1.88507,4.27375
199,-0.0248927,0.419167,-0.237002,-12.3285,6.90115,-23.4661
200,-0.178747,0.0651832,0.481833,9.4896,-1.673,-9.01782
201,0.127271,0.288666,0.0807387,1.06289,-2.45582,1.54284
202,0.0730719,0.178234,0.0871692,1.4833,5.77473,7.42248
203,-0.000776388,-0.0165431,-0.993276,2.99079,8.3069,1.28016
204,-0.153531,0.239163,-1.20684,5.60852,-3.28003,7.25195
205,0.0176173,0.341518,-0.232315,4.05059,-1.45158,-21.5958
206,0.0968939,0.374274,-1.26953,6.38662,0.786777,11.2302
207,0.175723,0.159582,0.177821,-1.26599,2.42027,-7.88257
208,0.234268,0.2608,0.202229,-9.47944,-5.71098,2.37844
209,0.0996225,0.355799,0.345937,7.6367,-0.502882,0.266733
210,0.172214,0.172322,0.195756,-4.01604,-13.246,5.77012
211,0.360311,0.437381,-0.132726,2.40495,0.675562,-15.2459
212,0.263808,0.109165,0.354704,3.71381,-1.6154,20.1794
213,0.164555,0.228253,0.0491471,2.1651,-6.8496,3.38714
214,-7.36478,2.0938,8.7577,-4.18384,2.02862,5.52267
215,0.208073,0.0665524,-0.261505,15.4617,5.29413,2.1857
216,0.160902,0.350293,0.207374,-2.10851,-0.87098,-6.19069
217,0.169673,0.661578,-0.403749,5.12886,-10.9559,16.4427
218,-4.10636,-3.67094,4.50964,0.279104,0.704966,0.375072
219,-4.40073,-1.44436,-5.16923,0.533936,-0.51726,0.612968
220,0.275055,0.409563,0.860347,2.55403,-3.72223,-14.9183
221,-5.69201,-5.86836,-6.49362,-3.94076,-2.86245,-4.68083
222,0.0942242,0.240969,-0.1135,0.738858,4.62321,0.380243
223,0.223575,0.2355,0.540344,-7.55858,14.327,1.84248
224,0.140302,0.257355,0.198106,4.37103,-4.59476,4.8219
225,0.31553,0.216356,0.241355,3.48011,7.89242,-12.4873
226,0.0484134,0.36593,-0.153984,0.644308,-6.53641,-24.8375
227,0.20405,0.196166,0.147413,-0.327264,-8.1545,14.6183
228,-0.265826,0.351274,1.47684,4.61588,-4.3519,-2.93289
229,-0.018952,0.407125,0.152268,1.05123,-4.92331,8.24744
230,0.107537,0.0506378,0.158125,-2.76034,-6.82005,9.92695
231,0.0114176,0.206127,0.220289,16.9327,0.70995,-8.91099
232,0.178894,0.351101,0.0911411,-9.48767,1.86841,-0.649498
233,0.192657,0.2409,0.0880612,-8.41005,0.260891,2.86996
234,-9.80792,-8.68786,7.89292,-8.43367,-6.2159,7.30798
235,0.0600487,0.16037,-0.710088,1.2101,0.270742,1.60733
236,0.154621,0.172724,0.0986643,5.97463,0.666497,4.10652
237,0.0689031,0.196309,0.0636846,-3.2066,-16.5343,-12.9227
238,0.160314,0.218677,0.0452325,5.95227,2.5351,2.44903
239,0.239394,0.420642,0.36227,2.87804,1.65665,8.01499
240,0.0545788,0.178228,0.114308,-6.94029,6.2043,-0.55368
241,0.0121321,-0.193928,0.497289,0.596429,5.82692,-4.50979
242,0.0387598,0.198721,0.0325086,-9.31692,3.8883,30.4089
243,-2.00238,2.74135,-2.38061,4.79481,-4.44247,4.72138
244,-0.212783,0.135554,-0.499259,9.84848,-0.128881,1.07867
245,0.17602,0.0602155,0.135719,-9.96852,-14.4867,-34.189
246,0.148652,0.222617,0.128215,2.167,1.26317,0.225534
247,0.081079,-0.333735,1.12044,4.91625,-5.62102,7.20327
248,0.26062,0.421472,1.24669,4.74282,8.42169,3.54502
249,-10.1399,-8.85999,5.32226,-7.88031,-6.6882,5.37359
250,-0.47781,-1.13329,-1.32834,3.46728,3.70538,5.36159
251,0.25692,0.58778,-0.113807,1.06838,1.24798,-2.10038
252,-0.0203856,0.182219,0.156616,2.2761,5.48645,-2.67964
253,0.264631,-0.486602,-2.85426,4.29941,2.66291,3.45896
254,0.108899,0.215684,0.39881,0.435077,-2.33408,-4.12549
255,0.198955,0.267769,0.0695209,-5.92554,-4.70728,3.5236
256,0.185867,0.165109,-0.378659,-0.302057,0.322122,3.62659
257,0.209118,0.309341,0.00941919,-1.33472,-3.05775,-1.16172
258,-5.76673,5.38666,8.25332,-3.39852,3.21509,5.03074
259,0.160577,0.0763109,0.146041,-1.07317,-2.50021,1.14871
260,0.142204,0.191111,-0.353707,-0.903404,2.00991,-8.83959
261,0.353844,0.00716652,0.419119,-8.18893,4.59716,7.94053
262,0.0889625,0.351548,0.205933,6.61612,-11.7501,-16.007
263,8.3613,-5.47666,-10.0509,6.24151,-4.99206,-7.4437
264,0.0283242,0.300575,0.346918,1.89188,-8.33279,-5.03772
265,0.100591,0.246568,-0.0594904,3.37652,12.6013,5.74328
266,0.114273,0.237277,0.189825,-2.98901,-5.83334,2.03366
267,7.54366,8.15085,8.40428,5.73906,5.8905,5.7481
268,0.075878,0.16781,-0.0239779,-5.45476,2.55174,-3.32899
269,0.248556,0.0867303,-0.12795,2.1202,-7.44588,10.2509
270,-6.89108,8.52185,-7.85538,-5.34212,5.90758,-5.35042
271,0.0456158,0.305789,0.035072,0.142367,-3.09535,-1.47887
272,0.0845231,0.322739,0.101916,-1.47487,1.04338,-0.438826
273,0.294546,0.401145,-0.114827,-5.34945,4.62552,-8.19037
274,0.02931,0.112693,0.216862,-7.60781,4.96252,26.2903
275,-5.73587,5.38229,8.0587,-2.98281,2.75869,5.68936
276,-0.000768162,-0.0409345,0.442804,-9.7153,-3.23803,15.8995
277,0.246506,0.0366392,0.0814955,3.37438,-10.2044,15.099
278,5.21414,6.03621,-5.39281,1.56076,1.73846,-3.3839
279,0.182934,0.0737165,0.486411,1.6608,11.0044,16.9194
280,0.216747,0.514786,0.909458,-1.9677,0.620445,10.0782
281,0.00464042,0.266461,0.585548,3.36776,-5.94262,-3.08083
282,-7.02585,-7.33756,-7.80363,-5.03936,-4.63785,-4.89022
283,7.62502,-8.01497,-8.44673,5.70934,-6.21959,-9.50739
284,0.255665,0.160265,0.234807,11.0731,1.878,-9.76753
285,0.121783,0.539135,0.931617,2.6005,1.60317,-16.5593
286,4.50234,-3.98639,-4.5319,0.763206,0.530741,-0.0567052
287,0.280643,0.319854,0.0542653,4.66071,-5.88497,-2.40763
288,0.195709,0.249659,0.166541,6.1854,-2.6296,13.8607
289,0.195453,0.253293,0.140906,5.73866,-1.531,-1.72468
290,0.264,0.0761106,0.29675,14.1802,1.33472,-30.914
291,0.28975,0.395299,-0.0468047,-6.31992,-1.95511,18.149
292,0.0342353,0.273746,0.169259,2.58191,4.76418,1.00301
293,0.142468,0.0904365,0.151857,-12.0064,-3.82286,1.29683
294,0.115353,0.30739,0.0969417,0.61746,-1.86161,2.67337
295,0.356112,0.284062,0.599959,-15.3958,-6.98637,-13.9772
296,0.315539,0.333796,-0.135799,0.45805,12.0395,-19.6777
297,0.445945,0.449692,0.508366,11.0222,3.0966,26.4869
298,-2.72015,3.48377,-3.1975,2.69501,-2.82334,2.83143
299,0.194588,0.517506,0.961221,1.63115,-4.12945,-7.85621
300,0.277824,0.176264,0.747747,-7.58332,6.63164,-4.69309
301,-0.40689,0.249921,2.38266,-0.376833,5.70463,-4.03065
302,1.56477,1.37205,-0.44747,-4.65026,-1.57924,5.40058
303,0.159611,0.295519,0.788334,9.24941,0.828449,3.37423
304,-9.94354,-8.74164,7.92538,-9.67588,-9.69901,5.00634
305,0.0730309,0.353773,0.100593,-0.230861,2.33896,5.19236
306,0.0645583,0.225221,0.113231,5.0839,5.53719,-3.22646
307,0.176246,0.216208,0.270082,-5.84209,-15.1206,9.98559
308,0.121029,0.153319,0.54755,3.37375,-5.2347,-6.15979
309,0.137656,0.191453,0.167191,0.609485,3.75568,2.97168
310,0.41837,0.166658,-0.966563,-5.34839,-6.05248,8.78214
311,7.65382,-9.92292,8.01928,5.51338,-7.65776,6.88824
312,0.383616,-0.148947,0.932915,9.31075,0.652552,-2.80464
313,-0.02143,0.268937,0.740187,-4.5868,4.09082,-0.859259
314,0.0456842,0.24326,0.339346,0.0765506,-3.41036,23.0468
315,0.104027,0.313381,0.0279962,-14.6931,-0.462188,8.04083
316,0.338091,0.291498,-0.426109,11.6398,-15.6816,-24.5532
317,0.619513,-1.18712,2.04988,2.45365,-0.386628,-1.02551
318,2.58866,3.80677,-3.66234,-1.93872,-1.90987,2.87349
319,0.408811,-0.0186782,-0.178885,-10.0065,2.73651,13.6491
320,-0.418861,1.36133,1.54211,0.84788,3.9608,5.33287
321,-0.6377,-0.422063,0.778888,-10.5326,-5.57221,5.356
322,0.346551,0.0638323,0.124306,0.638229,-0.771702,-7.29608
323,0.436457,1.66662,1.71145,0.777745,7.41435,3.24569
324,0.0684644,0.108844,-0.118299,-1.87933,-20.9582,-12.4332
325,0.266005,0.144412,0.105669,7.53803,4.34411,8.75202
326,1.22636,-1.35695,1.03821,-4.02681,5.15707,-1.08878
327,-0.0249932,0.189817,-0.365735,-2.51109,-4.99079,13.7731
328,0.300143,0.251643,-0.945607,-2.62557,-2.38401,-5.96826
329,0.195689,0.241669,0.0807001,-6.60811,2.59923,7.71209
330,0.396908,0.555468,-0.185233,23.6573,16.4398,-12.4729
331,0.318017,0.205584,0.0209082,9.12492,-3.77828,4.58955
332,7.9021,-8.46667,-8.73415,7.0107,-6.81416,-5.91053
333,0.115434,0.231273,0.125313,-3.18213,0.715821,-9.32551
334,-0.0774722,-0.608765,0.0699085,0.307739,19.1553,9.32057
335,0.180614,0.560629,1.18201,3.45819,4.66641,-1.96896
336,0.0337771,0.207084,0.573814,4.044,-1.6099,7.77563
337,0.106595,0.236745,0.649367,8.27282,4.93861,19.9735
338,0.0235362,0.329869,0.136966,4.64304,-3.81456,3.51938
339,0.226624,0.720408,-0.297235,-0.283331,2.22251,-3.85229
340,0.170356,-0.0207913,0.378693,-1.42919,-12.3113,4.43261
341,0.304988,0.200949,0.147658,1.65458,-4.07068,15.4541
342,1.17494,1.33564,-2.88702,-0.341972,-0.877094,-4.96066
343,0.180707,0.249423,0.00708383,-3.95205,6.3134,5.27728
344,0.0737783,0.302873,0.0369092,-0.1126,0.0572169,7.2294
345,0.104293,0.274414,0.280593,-6.78118,-1.67487,0.255618
346,0.0752947,0.1317,0.40658,9.79978,-1.37257,1.20668
347,0.0894486,0.201041,-0.170719,-7.01813,-4.01143,13.9955
348,0.183991,0.24111,0.202703,-0.18391,-2.69981,-1.45176
349,-0.315987,0.38462,-0.172388,-3.43785,-2.82891,2.73955
350,-3.90857,0.650813,-4.56419,2.28659,0.110602,1.72819
351,0.283753,0.749997,-0.119189,-8.44468,-15.4914,15.4971
352,0.223443,0.268535,0.0636401,8.86552,6.44588,3.01063
353,0.0831029,0.17902,0.237722,-5.99184,-1.81793,-4.08429
354,0.37579,0.308273,-0.183802,1.07576,-7.04788,-10.8984
355,-0.238545,-0.332471,-1.1026,-1.46042,4.79053,-0.972405
356,0.22775,0.11926,-0.0483551,-5.80935,-6.71784,-0.294371
357,0.196766,0.214433,0.218491,-1.75978,-0.940318,-0.289723
358,0.0455136,0.112634,0.72976,-1.50815,0.708353,-12.0391
359,0.140095,0.309364,0.187904,1.25708,8.30896,10.3084
360,0.0628156,0.0196285,0.266177,-1.03092,-5.86087,7.76678
361,4.12168,-5.88561,5.3284,2.56889,-1.60864,1.03464
362,0.0884343,0.316565,0.0670227,-9.94651,2.74043,-2.906
363,-0.135821,0.430208,-0.892309,3.98007,0.212984,-0.868221
364,0.0504773,0.190941,-0.145675,1.29815,-1.40907,-2.90087
365,0.200071,0.216634,-0.115563,-4.10894,3.37823,10.696
366,0.213057,-0.964684,0.497324,4.32918,13.1473,-5.72369
367,0.0789547,0.358992,0.274631,-11.6117,-39.5898,-7.30922
368,0.167637,-0.0225105,-0.191405,-2.25026,-4.40302,-0.848918
369,-0.0329528,-0.0359489,-0.242593,0.00430754,-1.4486,1.26455
370,-0.0435819,0.367188,0.275113,19.326,11.2043,-16.3905
371,-0.0812456,0.893639,0.87629,0.35174,17.1281,15.8403
372,0.126347,0.149164,0.345318,3.67878,-1.19815,-11.6421
373,1.00182,0.413906,-0.677038,2.08895,-2.52581,-4.83151
374,0.0838025,0.302995,0.263146,6.32573,1.04272,0.655981
375,0.137628,0.805739,0.614354,-5.71593,10.1647,5.79863
376,-0.0918333,0.181084,0.217129,9.07952,-2.87425,1.0464
377,0.140217,0.237273,0.218916,-23.6387,21.5501,-9.77596
378,1.23142,1.0884,-1.62112,-2.48876,1.95394,7.15021
379,1.31189,0.284772,-2.26448,-0.437027,-5.39674,7.87248
380,0.321329,0.823697,0.745009,6.16598,11.5997,17.9158
381,-0.0285156,0.572299,-1.79804,-0.0626418,-8.28272,4.32841
382,0.0967537,0.17385,-0.379802,-2.65976,0.702014,-5.41851
383,0.334269,0.00963303,0.659792,3.28745,2.93321,16.572
384,-0.061282,-0.00232374,0.109724,-0.617245,-2.51156,-1.84959
385,0.225049,0.287734,0.143689,-6.57877,1.5149,2.801
386,0.697241,-0.898478,-1.15605,0.51959,1.75588,1.91009
387,0.185547,0.23403,-0.107195,-14.4411,2.52149,16.4161
388,0.244705,-0.0473684,-0.163548,-0.831102,-3.17809,-5.74864
389,0.58269,0.391036,-0.298641,-3.44134,-6.4932,0.149892
390,-0.245629,-0.115342,-0.116315,-23.3221,-20.0368,-17.2139
391,0.291529,0.0171134,0.877216,1.54193,-2.44081,12.6122
392,-0.0345766,0.220385,-0.798744,0.546458,7.62672,-15.3816
393,-0.254865,-0.0800842,0.208642,20.5611,17.3989,-9.48137
394,0.457551,0.0694424,-0.062779,3.32024,3.51255,8.6766
395,0.181091,0.259693,0.32179,-4.09734,-4.34992,9.56867
396,0.034168,0.373502,0.161334,1.06989,-3.55735,2.18063
397,0.364669,-0.00315113,0.520258,5.89438,-10.5219,19.8269
398,0.199866,0.054959,0.401527,7.59149,8.17027,-18.4091
399,-0.0217406,-0.131404,0.672848,-4.56,-5.43049,-1.45047
400,0.339381,0.303789,0.579798,5.51444,5.43525,11.4164
401,0.437997,0.564052,-0.113615,12.3143,27.4799,-14.3411
402,0.182396,0.277533,0.928415,8.66349,1.5582,-6.36462
403,0.17719,0.205157,-0.042053,0.817123,0.0921078,17.366
404,0.445851,0.36697,-0.184994,0.113391,-0.817384,-11.9299
405,0.243126,0.306044,0.790905,-6.96767,-8.95875,-8.03935
406,0.518099,0.247471,0.411118,1.32118,3.86974,3.93521
407,0.206264,0.226582,0.233258,-3.43256,-0.919548,-5.99829
408,0.662872,-0.734112,0.406459,0.153083,14.3987,-8.68132
409,0.418097,1.39362,1.05027,1.37706,-5.76552,-3.87871
410,0.150471,0.298646,0.280271,-7.48411,-0.933292,2.85084
411,0.0869523,0.655783,1.02391,12.9614,0.162482,-16.8239
412,0.14318,0.148067,-0.20019,17.5046,-6.86834,-26.4559
413,0.000208495,0.334961,0.15086,5.60732,-5.03686,5.66777
414,0.176292,0.433629,-0.366657,-2.34347,-6.58129,-14.9069
415,0.352697,0.18682,1.03476,-8.04714,7.6758,-18.115
416,0.0102366,1.01753,-0.253106,11.8248,-22.1271,14.8503
417,0.101633,0.215797,0.0141437,15.1504,11.3272,4.12426
418,0.0383291,0.252151,0.140274,5.1042,-0.885997,2.00326
419,0.155952,0.139341,0.580523,-3.84928,-1.37329,9.20826
420,0.702285,0.790599,-0.422513,5.47105,3.59084,-10.4548
421,0.0170276,0.690944,0.582471,-0.565363,6.16671,0.653069
422,0.104102,0.253639,0.208264,-8.77774,-1.61916,-5.23052
423,0.280092,0.178988,0.235896,-2.73289,-5.54659,4.86066
424,-0.0502548,-0.03979,-0.556969,-6.08697,-8.59986,-12.399
425,0.0490075,0.318392,0.0688552,1.842,-3.28364,0.91047
426,-0.228976,0.559672,-0.416967,-4.24529,-5.82345,-3.18822
427,-0.401363,0.299667,-0.371381,-5.55692,-5.03416,-1.5616
428,0.0213564,0.258464,0.0324933,13.1451,-10.302,30.6228
429,0.240159,0.302669,0.00302061,1.96481,5.29978,2.7778
430,-0.120155,0.175667,0.64383,8.97203,11.8057,-10.831
431,0.248228,0.127519,0.580197,-12.6161,9.49087,-8.37845
432,0.256287,-0.180669,-0.358734,8.6653,12.5644,15.0249
433,0.262038,0.207588,0.049879,-0.903714,-0.993029,-3.83197
434,0.124663,0.190445,0.186749,-6.93514,-0.768003,-12.319
435,0.13206,0.216656,0.668729,-3.32144,-2.45767,-8.21552
436,0.0294956,0.402932,-0.472572,5.71693,3.41392,23.1782
437,0.221431,0.400849,-0.110886,13.4976,11.3798,-5.28951
438,0.164274,0.253995,0.0673137,0.927493,1.53111,5.16632
439,0.313333,0.353446,0.208084,4.76895,-5.16925,-10.8196
440,0.285203,0.346146,-1.83635,-1.78814,-5.81079,12.5308
441,0.154169,0.180552,0.194614,-0.667218,-0.127566,-0.541829
442,0.348485,0.273634,0.333146,13.3896,-6.1102,6.00901
443,-11.4447,-10.603,-2.05528,-9.45527,-8.91788,-1.85608
444,0.117539,0.338047,-0.291253,-11.9031,5.90436,-15.2962
445,0.958626,-0.324793,-0.668294,-11.3596,5.22362,12.8638
446,0.211762,0.224223,0.584392,8.07971,0.587455,-6.39784
447,0.173671,0.203371,0.0950798,1.97299,4.27632,5.8944
448,-8.20788,8.23536,9.74186,-6.42841,6.08103,8.36892
449,-0.906971,0.948429,1.5856,-0.0752755,-2.44832,-3.05296
450,1.44076,0.0905412,-1.58701,-2.51125,6.19398,0.813298
451,0.130886,0.181518,0.189594,-1.64903,-4.42816,0.864511
452,0.0965478,0.247835,-0.182674,-11.7723,-0.357608,-10.2388
453,-0.719282,2.67466,-1.36332,6.65281,-7.18369,7.82397
454,0.0907322,-0.36805,-0.345721,-8.5354,-13.446,-17.0315
455,0.169965,0.198636,0.105325,-2.16752,0.581345,-1.95124
456,0.032686,0.457443,-0.0515448,0.802318,7.66457,-15.1853
457,0.586687,0.92685,0.295559,4.45636,7.59639,0.112877
458,0.0126515,0.0890998,-0.0872444,4.05164,8.01539,9.27788
459,0.0795468,-0.214253,-0.166982,3.23492,-24.9856,-16.2759
460,0.168517,0.303548,0.147188,13.4249,-11.372,-12.2049
461,0.271726,0.334192,-0.125194,12.2207,7.51813,28.9072
462,0.129567,0.384839,0.66567,-0.559038,10.5678,-18.1699
463,0.0885821,-0.056783,0.601365,6.58261,-1.26012,2.04064
464,-0.309324,0.130802,0.587726,14.5872,8.10683,-20.2299
465,0.464272,0.331041,0.227366,-1.25289,4.91496,9.50255
466,0.283921,0.350744,0.182209,4.93837,0.123962,3.02625
467,0.139133,0.231172,0.234284,6.95431,3.69354,-29.8978
468,0.0961464,0.278547,-0.0173022,-4.23839,13.8458,-16.6666
469,0.32694,0.15079,0.312653,-3.94614,7.29424,-26.0217
470,0.116428,0.23885,0.143117,-1.26252,2.5814,6.50976
471,0.202695,0.187363,0.101969,4.34771,-0.44837,2.9937
472,0.297602,0.191517,0.000866732,16.741,4.07064,-4.28247
473,0.0637149,0.238091,0.331698,-1.65614,-2.84613,6.91964
474,0.43833,0.377601,-0.223003,-14.8685,3.8558,12.4655
475,0.138475,0.235347,-0.0668616,1.5257,-1.73302,-8.71333
476,0.0748922,0.117953,0.139475,-2.71193,-9.00751,-5.75845
477,0.205796,0.349141,0.122543,-1.55463,0.631767,5.34168
478,0.116891,0.356847,0.269153,-19.249,9.67791,-13.2579
479,0.179982,0.238011,0.217193,13.6339,-14.1582,-3.39735
480,0.173751,0.42708,0.68857,-0.390607,6.17681,19.4014
481,0.394407,0.189204,-0.109542,-9.51212,29.922,22.4929
482,0.175738,0.340635,0.144468,-6.03568,-19.9799,13.878
483,-10.0377,-8.79361,8.27142,-7.66163,-7.14443,4.48851
484,0.128104,0.198446,0.327917,4.44873,-12.46,-18.7924
485,0.200274,0.434385,-0.223416,-6.91495,10.076,-10.2648
486,0.146667,0.256445,0.476105,13.5115,-18.1561,34.0984
487,-4.90458,-5.56985,-6.90754,-2.51107,-3.04456,-5.57749
488,0.154909,0.282482,0.0959999,0.20057,9.17474,0.312463
489,7.11642,8.35193,-8.80369,5.78686,5.94675,-5.91113
490,-0.673551,-0.173202,1.09182,7.17154,7.10732,-7.66589
491,0.247379,0.310748,0.0596592,4.75641,0.103275,-5.40288
492,0.210957,0.624172,1.00415,2.68717,1.20495,6.69557
493,0.174574,0.221043,-0.116759,1.6376,-1.90655,0.170824
494,0.286156,0.463017,-0.00126094,-5.45899,-17.9062,20.5176
495,0.0633339,0.206082,0.119582,5.36721,-3.89732,1.56935
496,0.157177,0.191022,0.106012,5.56604,-4.36721,3.45813
497,0.294881,0.345246,0.355973,-14.6381,-22.9355,-9.57448
498,0.255872,0.479738,-0.00672439,-3.25906,-8.98051,11.7867
499,0.394606,0.0426684,-0.600722,12.8251,-1.63727,-12.1046
500,0.159677,0.318568,-0.0184264,5.46482,-1.21599,-17.4831
501,2.8673,3.17867,3.91291,-2.87239,-2.60948,-2.09756
502,-0.0791775,0.130908,0.299709,-9.38198,-9.18802,15.0212
503,-0.0602089,0.094805,0.325864,14.4416,16.4315,-20.6665
504,-2.45563,0.403322,2.48948,-4.86274,-1.95449,5.39254
505,0.130104,-0.864477,-2.40301,-0.782707,4.61203,0.86206
506,-0.0811871,0.0838009,-0.284361,13.2975,-5.6912,10.9915
507,0.513238,-0.046852,0.779801,3.00753,-2.67703,11.1443
508,0.21,0.290158,0.163254,-6.9696,0.34501,3.66634
509,0.781959,-0.658158,-0.254326,1.73666,-3.70628,-2.74567
510,0.153286,0.0537776,0.276775,10.9033,-3.59791,-0.0455092
511,0.243403,0.0638002,0.126947,-8.02342,11.1988,8.91257
512,0.262615,0.378651,-0.413248,4.51104,10.3017,13.5977
513,0.529015,0.756297,-1.89852,3.61287,-5.67054,5.46334
514,-6.856,-5.60497,-6.80796,-4.88072,-3.63241,-4.79534
515,0.0657446,0.22472,0.0745905,4.12426,8.9201,-12.5172
516,0.0313034,0.136131,0.390779,7.75459,7.35942,1.45152
517,0.227235,0.342032,1.00017,5.77,-2.69254,-9.56464
518,0.415702,0.45025,0.455301,10.5901,13.0853,8.07401
519,7.06108,8.373,-8.62816,4.63072,6.75587,-5.79704
520,0.0680741,0.112274,0.130136,-4.26732,0.696185,-1.9227
521,8.00013,-8.5657,-8.68484,5.22305,-5.483,-7.02093
522,0.116684,-0.0797545,-0.10157,3.39934,-3.28783,9.51093
523,-3.21097,2.02115,3.43092,3.56418,-2.81234,-3.27851
524,0.151436,0.237274,0.468393,-4.39274,-6.38515,13.0998
525,0.207854,0.339211,-0.0158421,5.3861,0.9655,19.7626
526,0.612224,0.424514,-0.906899,-5.3846,-8.06949,11.1911
527,0.109304,0.142154,-0.0293881,1.50144,-11.7014,-23.4678
528,0.138542,0.236433,0.0210552,-3.95621,6.91982,-2.57784
529,-0.847086,-0.227449,3.31066,1.47715,2.09512,3.4153
530,0.0780822,0.202345,-0.216199,14.7331,-8.19411,11.8649
531,0.396916,-0.445547,-2.36331,4.23335,5.88404,5.36345
532,-0.0100551,0.248434,-0.263999,4.13028,6.81355,8.01659
533,0.0157837,0.114402,-0.499475,-2.00734,-0.0147969,-3.74375
534,0.0708645,0.279347,0.118873,-1.55879,-0.450705,0.786325
535,-6.80709,8.36729,-7.72171,-5.02937,6.67671,-5.43675
536,0.0584873,0.159521,0.0817538,1.79825,4.92864,-2.79193
537,0.18273,0.336074,0.799913,9.28557,-0.780549,-5.51701
538,-0.24181,0.0843814,0.59041,8.6936,8.53453,-8.45486
539,0.609453,-0.514094,1.36454,-6.68146,5.39198,-13.5413
540,-0.218118,0.44548,-0.420842,-5.09613,4.08432,-14.0298
541,-0.179597,0.434891,0.635767,-8.06611,-4.1342,13.5378
542,0.113907,-0.00325466,0.281546,4.67438,12.3394,27.0559
543,0.30471,0.110543,0.0693311,-6.36044,4.9195,2.95596
544,0.109033,0.185014,0.0554791,3.00223,-3.57505,-5.63054
545,0.271138,0.348464,0.0541813,6.31502,3.08091,1.14701
546,-0.454617,0.186535,-1.08469,6.6722,-4.51435,5.81192
547,-7.73058,-7.02549,-1.49229,-4.05715,-3.44368,-1.27788
548,0.170466,0.224839,0.0908224,-6.9695,-9.71815,-8.79846
549,0.176553,0.265713,0.0203899,2.35536,6.35382,6.59061
550,-0.239123,0.482505,1.21459,-4.07929,1.35058,0.857307
551,-0.17719,0.142941,1.03491,1.93951,7.66845,-20.5292
552,0.0824403,0.19678,0.0216712,21.0429,-8.13502,-11.3286
553,0.101882,0.227126,0.400178,-4.69011,-4.21117,-6.56622
554,0.110214,0.00808549,0.29706,-5.24349,16.834,-28.3077
555,-0.0300303,-0.0233927,-0.474975,-3.51243,0.6901,20.6663
556,-0.012308,0.331564,0.272528,16.1347,-10.4786,-28.7084
557,0.198856,0.22143,0.12366,-4.10478,-21.3327,14.8253
558,7.18863,8.53234,-8.26456,5.56764,6.97868,-5.51139
559,-0.0305664,0.197382,0.368904,0.293631,-0.760923,17.7749
560,0.180939,0.315012,-0.0449299,-3.6427,-18.9272,-12.0157
561,0.17295,0.415173,0.330029,-8.52606,-3.3131,-19.6301
562,-0.121017,-0.0626507,0.342957,32.1086,-2.22821,-21.0473
563,0.0490536,0.259882,0.170945,8.88934,-4.28299,2.08105
564,7.68901,-8.00158,-8.83408,5.88131,-5.83792,-5.5536
565,0.1573,0.160577,0.139547,-0.00407809,1.13277,1.64377
566,7.65202,-9.68914,7.83654,5.94175,-7.79499,5.33917
567,5.19785,6.18904,-5.24457,1.93861,2.16935,-3.16473
568,0.127617,0.265908,0.104203,-22.8314,-3.52809,23.0012
569,-0.279128,0.266257,-0.729302,12.7587,-5.71539,12.973
570,0.323072,0.181193,0.35155,-25.7073,-16.2905,22.1489
571,0.17636,0.356009,0.335984,0.854389,5.85081,-1.44747
572,0.319337,0.205881,0.105678,4.58607,6.24088,-5.59563
573,0.209472,1.28806,0.295325,4.12174,1.95718,-1.48078
574,-3.80908,4.44875,5.91748,0.236722,2.38391,1.09591
575,0.0800972,0.237199,0.0954129,-0.123798,-1.07488,5.39331
576,0.193647,0.499483,-0.157737,2.77568,17.7106,-10.5081
577,-2.33755,-2.07154,1.62224,6.45841,7.23563,-2.21281
578,0.207813,0.303163,0.0965095,0.613638,-2.73494,-8.37366
579,-0.0302181,-0.190046,-0.369879,-2.65866,-9.32601,-11.3894
580,-0.0027341,0.346583,0.0988818,-4.03177,-0.551211,-11.0789
581,-0.484637,-0.846765,-3.84728,-2.28023,-0.191968,-7.68665
582,-7.06819,-7.41651,-7.78532,-4.25276,-4.24703,-4.46737
583,0.373805,0.4438,0.714691,3.96016,5.76339,-8.79493
584,0.0251671,0.57257,0.435114,-4.69407,3.09615,-8.72773
585,1.26573,1.93358,-2.58914,2.39373,2.23719,-8.11825
586,0.125749,0.137179,0.563208,3.03805,-3.86478,-4.82339
587,0.332162,0.470531,-1.02281,-6.64813,1.80168,4.22691
588,0.28427,0.225593,0.0868124,-1.74394,6.60607,-11.8445
589,7.20273,8.39596,-8.32012,4.69241,5.22111,-6.31459
590,6.8055,-9.23619,7.9404,5.97367,-7.65777,6.6862
591,-0.489129,0.220929,-0.846414,9.24007,-6.09374,9.08983
592,-1.50562,0.927462,3.1957,-1.43604,3.45767,-2.9406
593,0.0983808,0.128765,0.0317436,6.86711,-5.02855,-4.1976
594,0.354601,0.369014,0.739981,-0.0434227,1.68713,5.90705
595,0.162371,0.190679,0.479967,-3.64974,-5.57345,12.0417
596,-0.142403,0.436451,-0.454412,0.503554,-5.18231,-5.77328
597,1.77525,-1.17079,0.271812,7.00122,-5.70428,-0.54498
598,-0.214519,-0.232571,0.487334,-9.81503,-23.9768,10.4493
599,0.489775,0.547043,0.291274,15.2756,7.68758,13.597
600,0.181276,0.0916469,0.105093,1.44901,-2.38317,6.11386
601,-0.0871335,0.409125,1.29052,3.45793,2.95537,-5.92931
602,0.312803,0.171655,0.183214,10.0284,-0.410647,9.24395
603,0.746208,-0.268113,-0.824149,-4.65621,-3.69052,14.3645
604,7.43975,-9.659,7.83642,6.11536,-7.31205,5.64632
605,0.179339,0.212697,0.169202,4.34684,-5.02423,0.557152
606,0.0358851,1.31528,0.911092,3.65386,9.11364,4.17616
607,-0.118053,0.220015,0.804826,3.38866,9.59312,-7.05751
608,0.317662,0.458071,0.135024,-1.85892,1.17422,-5.00044
609,0.100323,0.28601,-0.314362,8.41593,2.73574,18.907
610,0.73993,-0.139389,-0.426861,8.79801,-2.66247,-15.726
611,7.91562,-8.29793,-8.74987,6.84996,-6.94104,-7.06771
612,1.81597,0.380347,-0.754555,-7.6632,-4.56884,1.86978
613,-7.16608,-7.45081,-7.89504,-6.15181,-6.67814,-8.40183
614,0.13824,0.258157,0.15534,0.878264,-3.64254,-2.421
615,0.0672994,0.314454,-1.06347,1.30217,6.45933,8.25765
616,0.542714,0.315627,-0.472737,6.27141,8.57947,-19.6669
617,0.790536,0.47412,-1.11503,-0.168943,-2.57245,-4.8885
618,0.204617,0.128564,0.442148,8.23105,1.82279,28.9094
619,0.693367,-0.886817,2.63744,-1.32782,-4.66989,11.3742
620,0.0672937,0.300815,0.531272,3.38594,-4.40378,12.1747
621,0.0396191,-0.0155827,0.419408,-9.02547,1.69575,15.0345
622,0.19502,0.265253,0.121914,-1.49034,1.15476,5.2882
623,0.523807,0.144502,-0.54753,7.55411,4.25229,1.27986
624,0.266579,0.18436,0.0312641,-4.60584,1.30708,-17.3429
625,0.0427683,-1.32268,-0.906611,-2.56827,-3.08915,-0.730471
626,-0.417137,1.82736,-1.32052,-0.616036,9.1686,-4.01699
627,-0.376986,-0.525236,1.42816,-0.312014,-11.3434,7.06378
628,0.0432075,0.211874,0.252243,11.9877,-20.2995,-31.6403
629,0.228229,0.425995,0.0169115,0.132234,5.10202,4.64476
630,0.20336,0.182961,0.2467,9.16244,9.4334,28.6094
631,0.135332,0.284774,0.197544,-12.1017,5.0422,9.87499
632,0.174338,0.225467,0.227774,-0.535178,-2.45456,3.49551
633,0.158558,0.0675045,-0.427942,-0.260318,-7.16026,9.84639
634,0.0077694,0.232268,-0.0852399,7.95311,-0.537718,18.1538
635,0.155318,-0.105044,0.36905,-3.97641,1.6307,3.82609
636,0.159046,0.162016,0.136343,2.52419,-0.882591,5.51958
637,0.295592,0.220536,0.0521672,-10.5799,4.8178,2.03076
638,0.320989,0.410123,0.719081,4.47945,0.285463,-15.4579
639,0.034383,0.261314,0.578427,-3.6595,-8.51582,8.9241
640,0.18854,0.249851,0.030822,2.76372,4.79992,2.29243
641,0.109518,0.199195,0.201151,-1.72128,-2.78192,2.58095
642,0.212184,0.375413,-0.0765645,-4.21554,-10.4643,-19.8848
643,-0.0819466,0.0606478,0.621583,8.22904,-7.64416,-12.6284
644,0.12723,0.341656,0.131021,0.180671,-10.6017,3.69268
645,0.166372,0.215688,-0.171189,5.59532,-10.208,3.68478
646,0.150683,0.252173,0.203877,8.50312,9.02781,-4.60775
647,-0.352084,0.379214,-0.466577,1.47356,-0.770091,-3.15158
648,0.135365,-1.42898,0.744312,3.38651,-8.37679,0.429949
649,0.0792819,0.0511528,0.259619,0.788768,8.27274,0.260204
650,0.143686,0.290149,0.129522,10.4784,-0.906148,-4.40228
651,0.0886548,0.354128,-0.198639,-8.77149,-4.0934,2.91375
652,0.0513629,0.326841,0.239565,-2.53126,-8.82253,13.6289
653,0.0872402,0.468049,0.606955,0.0787168,5.07887,15.6107
654,0.0669058,0.0943722,0.166157,-0.664012,-5.53016,-4.87517
655,-0.0643967,-1.44201,-2.92671,2.78298,-0.313074,-5.92581
656,0.175735,0.147052,0.0322798,1.52718,-3.372,18.8991
657,0.420226,0.971428,-2.36939,4.72524,-2.22397,-3.66695
658,-0.0809249,0.2008,0.489146,21.0455,9.24126,-22.1698
659,0.399129,0.474604,-0.849896,9.3317,2.20905,-19.4498
660,0.711943,-0.135704,-0.851254,-6.03863,7.09609,5.66393
661,0.262786,0.104909,0.222721,30.2969,9.31427,-0.173464
662,0.502697,2.61643,2.58901,3.19406,3.94033,5.65794
663,0.163974,0.308693,0.0557322,0.192275,-12.4254,7.77644
664,4.78378,-6.15191,4.9209,1.24333,-2.12074,2.01381
665,0.0216013,0.308461,0.233502,0.177943,5.0903,3.9929
666,0.846302,0.580007,-1.03634,-1.37808,-2.89631,-3.6357
667,0.124698,0.235616,0.0332612,3.63406,8.00836,0.289403
668,-0.122482,-0.319957,-0.0535123,6.03021,22.2224,10.7776
669,-1.37141,0.120403,2.99385,0.0934579,-2.9162,3.16569
670,0.178802,0.534426,1.05086,6.51708,1.08899,6.33534
671,-6.44364,7.95801,-7.34573,-4.35459,5.52694,-7.3943
672,-0.30606,0.112702,1.89147,-0.387719,8.66543,-10.0616
673,0.0848455,0.0180167,0.387854,-9.44356,-18.4789,12.6135
674,-0.0934968,0.0337042,0.707407,11.3882,-3.49915,-12.0861
675,-0.132276,-0.106716,0.433382,12.8041,11.706,-20.6609
676,0.128549,0.171362,0.0373529,-3.1382,-1.1026,4.27184
677,0.218694,0.343643,0.11388,-1.84367,-13.1552,-16.8161
678,0.275193,0.104805,1.31725,8.99478,-0.795978,1.81704
679,-0.0155282,0.426748,-0.219321,-6.63084,8.65996,-31.3139
680,0.0618437,0.311672,1.39991,2.58322,3.92506,6.47312
681,-0.136054,1.22102,0.821178,7.07221,-7.66718,-10.0992
682,0.286048,0.233054,0.0859308,-0.119446,-1.57717,-1.89764
683,0.191195,0.886978,0.996602,5.30604,-12.7371,-12.3459
684,-6.90968,-7.34463,-8.01885,-5.04873,-4.61339,-6.46199
685,0.24742,0.238867,0.142917,-5.52312,6.18338,4.12442
686,-5.73805,5.46025,8.25748,-2.63109,2.28876,5.41106
687,0.257693,-0.200713,0.191866,4.40778,-5.3621,3.28565
688,-0.157597,0.492006,1.07223,-8.59539,-1.37755,0.105286
689,0.120622,0.151512,0.149393,-5.62676,-1.67131,-14.2633
690,0.219483,0.372856,-0.301572,-4.78592,-11.8026,-6.14118
691,-0.0486815,0.302464,0.0111517,-3.77692,-7.02592,2.09129
692,-8.96266,10.0135,-4.24059,-6.22,7.55781,-3.61937
693,0.0923138,0.36698,0.556188,1.39022,-6.34851,3.6691
694,0.00797145,0.253952,-0.125959,-3.31521,4.27628,-14.484
695,0.150602,0.492927,0.689386,2.32281,-9.99124,-9.91275
696,0.1199,0.262335,-0.110669,1.51094,-1.83783,3.07419
697,0.236994,-0.134408,-0.551793,-0.815414,6.1072,0.390773
698,-2.21093,6.61265,-7.10339,-1.37482,2.98134,-3.03568
699,0.173057,0.32185,0.0727551,2.7113,1.94996,2.27093
700,0.201216,0.209429,-0.0715596,7.91893,21.0014,-19.8806
701,0.0826027,0.559975,1.22347,-7.10646,11.2621,16.6836
702,0.157063,0.296763,0.00950532,-2.4159,-15.3683,5.27716
703,0.321072,0.00234811,0.486845,-8.0464,-7.50426,-4.26533
704,0.0667154,0.172115,0.171956,-8.35399,-3.28726,-3.14309
705,0.416271,-1.04073,-3.16463,-2.05484,1.98061,-3.67931
706,0.0701016,-0.0249054,-0.671614,5.72526,-4.05246,25.2398
707,0.275133,0.415003,0.676665,0.953378,5.39621,16.9647
708,0.146188,0.319335,0.176937,0.80802,4.99429,11.6104
709,0.0952236,0.333648,0.81002,2.20078,-8.11384,-13.7515
710,0.193163,-0.0480328,0.460441,-9.92947,-0.913371,15.2599
711,0.0855867,0.308545,0.162223,6.77475,-7.58735,3.37607
712,-0.0638597,0.0364705,0.628566,-19.5021,-11.9938,16.5644
713,0.141312,0.0987239,0.555586,1.82819,0.113762,-6.72715
714,0.101895,0.273115,0.0990265,-0.0453647,-2.73565,4.66305
715,0.194622,0.299891,0.405871,-6.2997,10.2471,2.75299
716,0.165719,0.209318,0.058406,-3.82584,8.28856,-2.22555
717,0.216162,0.168857,-0.189674,0.869192,0.667462,24.1984
718,0.220187,0.116147,-0.347147,-8.35543,-5.81466,13.5916
719,0.140825,0.323271,0.145317,-2.75974,6.08238,0.674193
720,0.121058,0.0447021,-0.0374989,-16.4937,-1.60913,15.5735
721,0.0534502,0.633655,-0.0422247,3.91678,5.60931,-6.60977
722,0.0532359,0.214427,-0.398373,0.407884,3.68602,14.4654
723,0.0231299,0.49771,1.09899,6.68641,-0.301685,-0.0246571
724,0.128978,0.247831,0.325651,-10.3187,14.0352,-6.82378
725,-0.0455178,0.114207,-0.437269,5.53024,15.498,5.89534
726,-6.74496,-7.4261,-7.97444,-4.69774,-4.9292,-5.29498
727,0.213493,0.279415,0.0641038,2.87751,2.11029,2.67133
728,0.190401,0.227819,0.0545805,-6.09175,6.2137,-10.4215
729,-0.494717,0.824456,1.00716,-8.92615,3.38008,9.71938
730,0.000758369,0.183513,-0.00582011,9.56942,40.3693,5.75492
731,0.731913,0.372668,1.15094,-4.18368,6.84222,3.70498
732,0.12823,0.239336,0.0902232,-2.14583,4.63801,6.30589
733,0.0556487,0.354143,0.0337883,8.81664,-9.44166,4.85304
734,0.361651,0.327205,0.678569,-3.94521,0.235031,1.26498
735,0.118336,0.308429,0.381194,1.84986,-0.304149,-17.6395
736,0.0531589,0.202388,0.272138,7.12899,-3.90438,-10.3882
737,7.32191,-1.55292,-8.85741,4.48275,-1.34472,-5.38056
738,0.122455,0.204537,0.163418,-5.37064,-1.78437,13.0205
739,0.844089,-0.520277,-2.85835,2.20768,3.31707,2.34335
740,0.123031,0.189935,-0.0573038,2.34423,11.9029,1.69065
741,0.160365,0.240334,0.170206,-2.57846,9.88767,3.33162
742,0.0554689,0.0398436,0.0903077,-0.872187,3.34462,16.5186
743,0.212815,0.278208,0.092829,2.46897,0.0264506,2.59129
744,0.115904,0.224573,0.0996779,5.34507,7.73421,6.75692
745,2.94475,-2.50448,-4.00241,-2.04963,3.01962,1.88105
746,0.212342,0.198959,0.237536,-16.879,11.2524,4.58775
747,0.245222,0.51384,-1.28396,7.14984,0.475515,9.56241
748,0.0971388,0.201184,-0.00186811,-1.1778,1.06874,-2.76212
749,0.190476,0.133437,-0.224441,2.24659,0.493274,-4.35053
750,0.146964,0.306751,0.287938,-6.2082,-14.3196,-10.1247
751,0.414788,1.44592,0.803481,2.29124,0.11301,0.734542
752,0.112123,0.399821,0.288995,0.822949,3.12154,-6.37577
753,-0.329142,0.416225,0.916921,-0.528961,3.18658,8.33412
754,-1.0862,0.736067,3.34054,0.817987,-2.32838,1.3744
755,1.14023,-0.114588,1.22911,-2.01605,6.77982,-5.76897
756,0.38907,0.383028,-0.0187646,-7.74981,-6.32839,5.0989
757,0.0967369,0.280185,0.309558,-8.64703,7.18652,-1.78602
758,0.174605,0.315765,0.0724301,1.57888,0.677156,0.455785
759,0.191191,0.139155,0.18038,10.5081,-11.7214,-18.9752
760,8.05534,-8.63846,-8.88692,5.91865,-6.44918,-7.55369
761,0.244148,0.350985,1.06938,-5.80249,6.28448,16.2082
762,0.57089,-0.0315666,0.513654,0.503883,-0.484481,2.78244
763,0.0396072,0.19813,0.101641,-6.01102,5.45895,-2.4316
764,0.121974,0.456445,0.461689,-2.99321,-10.3389,-14.1533
765,0.0685226,0.229254,0.348228,-7.61563,-5.90294,-1.99833
766,-5.86736,-9.18728,8.72574,-4.85966,-6.78727,6.69957
767,0.244177,0.130946,0.0198748,-2.97142,-3.34877,-10.0602
768,0.0686502,0.111828,-0.0354678,-6.28957,-6.04817,8.40768
769,0.0288568,0.108989,0.0497585,-3.76294,2.19423,-10.3309
770,0.254489,0.15025,-0.165432,-7.50246,3.15198,-14.6792
771,0.191101,0.203566,-0.0294996,0.210774,4.88357,-6.07528
772,0.0976504,0.162049,0.505389,4.74528,-5.47827,-17.4926
773,0.229619,0.334542,0.373884,1.99123,-10.5683,19.3563
774,-4.88837,-4.68241,5.09153,-1.42677,-0.890579,1.26315
775,0.216013,0.209468,0.181666,-8.93469,-8.12835,2.9583
776,0.613701,-0.338757,-1.98482,0.247561,-1.37596,-16.4436
777,0.202675,0.16351,0.187642,-3.76364,6.62707,1.32775
778,0.25128,0.23004,0.26118,11.9584,-4.05997,-25.3029
779,0.0828227,0.304808,0.174351,-3.76682,-1.5355,1.56996
780,0.0366357,0.261481,0.0768227,-2.23427,-5.20234,-4.43177
781,1.24105,0.225367,-2.10191,-1.38402,-4.43685,8.73363
782,0.346315,0.410571,0.202243,13.3167,8.23023,8.56468
783,0.149149,0.389549,0.566872,-14.7484,17.0483,12.0125
784,0.244122,0.268324,0.451852,3.04397,-3.58882,4.93894
785,0.250994,0.373903,-0.198514,-11.7442,-16.2226,21.8394
786,-1.6202,0.0541215,2.1736,-5.58132,1.85393,9.91797
787,-0.263124,-0.0471237,1.35658,-4.0245,-5.95745,4.89375
788,0.0932913,0.115351,0.143543,1.90274,-6.64925,-29.8068
789,0.31272,0.13938,0.573375,-1.93999,-2.41684,4.39173
790,0.277082,0.130697,0.353289,12.433,-5.72524,1.78738
791,-0.578586,0.404766,-0.485244,-9.56496,-3.53171,2.96176
792,0.0342594,0.560377,0.163983,-7.32871,8.48333,11.0729
793,0.0691458,0.443535,-0.539624,0.0532113,-9.39547,-9.31086
794,-10.6184,-5.38365,10.8234,-8.87853,-4.91812,9.07922
795,0.23514,0.421191,0.204817,-3.32701,-5.9457,1.8962
796,0.150511,0.184941,0.353333,-5.295,-0.951498,-12.7234
797,2.70819,-3.34517,3.60571,-2.48803,3.20204,-0.574695
798,-0.0919812,-0.745519,1.51409,4.3809,-7.57646,7.91823
799,0.766387,0.811541,-0.491831,-4.02096,-13.2502,12.1713
800,0.343721,-0.597693,-0.321405,-8.28064,10.3197,13.2816
801,0.151546,0.147956,0.0788273,3.59223,-0.601088,-11.3998
802,0.182709,0.247208,0.285797,-10.4287,-0.0315302,9.01003
803,0.153204,0.249617,-0.00643136,2.01606,1.45397,-2.32847
804,1.16293,2.99981,1.50984,2.08369,8.56538,3.97735
805,0.289713,-0.361271,1.12647,-1.57977,-8.42444,18.7586
806,0.554584,-0.0369096,-0.260132,-0.0758486,14.6661,9.90547
807,0.233881,0.254143,-0.0491757,-5.28942,3.14896,-26.6567
808,0.0973314,0.127721,-0.134862,-6.25273,8.14664,30.4228
809,0.154479,0.1783,0.174096,-1.31596,-2.39892,-1.31916
810,0.167714,0.268757,0.0664444,15.2394,12.5429,25.0463
811,0.19514,0.308317,0.700245,-0.881197,-4.30266,-12.8497
812,0.146536,0.283065,0.0833474,0.0276129,-2.69132,2.73923
813,0.0367439,0.349213,-0.428214,1.40776,13.2879,-21.934
814,0.058932,0.0378249,-0.150646,-4.01319,-6.96158,-9.22785
815,0.347045,0.193614,0.853406,-3.83459,-5.21743,-12.9597
816,0.109493,0.165894,0.280373,5.59165,-0.688779,-17.0157
817,-8.24922,7.87294,10.3166,-5.93918,6.07725,8.3412
818,1.71361,-1.32062,-0.911149,1.00007,-2.64874,2.69124
819,0.0433508,0.141704,0.294982,-0.502346,1.51321,-15.7559
820,-7.18572,8.69751,-7.95867,-4.67763,6.73245,-4.67856
821,0.849945,1.23612,1.7001,3.1203,10.5922,6.5804
822,0.356067,0.0601282,-0.508025,0.239329,6.44121,7.38562
823,0.232133,0.443721,0.606914,2.78692,8.06954,19.6439
824,-6.93059,-7.08107,-7.9159,-3.82989,-5.40768,-4.88586
825,3.51175,-4.64523,4.1441,-0.6244,0.51024,0.475631
826,0.151186,0.399112,-0.0489037,0.366915,-3.07429,11.1083
827,0.00938074,0.431735,0.315818,-0.679454,-2.30338,-11.1893
828,-0.0293512,0.136087,0.216331,-3.82016,2.366,8.24904
829,0.125886,-0.579219,-0.893876,-5.79919,7.45285,10.1957
830,0.589995,-1.02637,2.01928,-2.83734,3.47851,1.29215
831,0.216722,0.196767,0.180165,5.38205,2.87996,-6.95384
832,0.0305391,0.482,-0.203645,-7.35103,-14.9086,23.7338
833,0.175278,0.228306,-0.152023,3.00681,2.51874,2.15705
834,0.488819,0.536945,-0.242835,2.87677,2.30878,-10.4325
835,2.47347,3.59975,-3.08545,-3.56103,-1.15599,4.13504
836,0.185321,0.191196,0.214377,-10.3235,0.758049,-29.2812
837,0.850303,0.724624,-0.736878,-5.11119,-4.06527,2.75735
838,-0.471209,0.399933,1.74321,-5.18351,9.12978,12.6116
839,0.219256,0.220995,0.152829,8.03033,-0.313636,-15.2354
840,1.3007,-0.363916,-0.929503,-2.61206,0.716833,7.92764
841,0.245007,0.256382,0.137499,2.40653,10.6273,-17.0086
842,0.134783,0.16303,0.762017,12.34,-3.31175,-20.6335
843,0.150265,0.138161,-0.109491,-1.86729,-0.579347,-26.4326
844,0.165647,0.205642,0.256027,3.47132,-8.7995,-0.640714
845,0.208689,0.231732,0.388803,-11.4009,11.7476,11.8824
846,-4.49683,4.22697,7.05143,-0.671437,0.561013,4.57555
847,-0.366684,0.618835,0.00437002,-24.2271,18.125,-5.90376
848,-0.00746128,0.357541,-0.322667,-1.03312,2.06246,10.781
849,0.00562691,0.397867,-0.391895,-7.32551,0.951702,9.62212
850,0.253355,0.241753,0.217166,-8.49424,7.75339,9.93821
851,-7.07824,8.84423,-7.4166,-5.27155,6.61044,-6.79702
852,0.0675173,0.159938,0.37017,-0.606172,-1.24541,1.92274
853,0.148949,0.953987,0.987722,-1.92526,-12.5951,-12.7312
854,0.107799,0.064933,0.81795,-5.39788,-7.8553,-14.1453
855,-0.128826,0.510653,1.05868,0.882963,-2.50571,-6.32184
856,0.095222,0.213098,0.183002,-1.40837,-2.39163,-1.56587
857,0.143574,0.207341,0.0311307,2.676,12.4977,-2.54527
858,-0.597752,0.308627,1.1681,6.14643,-4.59355,-6.55828
859,0.271974,0.270798,0.774806,7.61306,-2.05901,-6.17177
860,0.152798,0.147724,0.015173,-0.283513,-9.93748,2.2965
861,0.0976628,0.216537,0.0480016,-4.6832,2.78855,4.17026
862,-9.8167,-8.61134,7.98415,-5.5928,-7.10455,7.65851
863,0.112914,0.228838,0.0729991,7.81908,1.26306,0.967105
864,0.252774,0.133734,0.451519,14.3394,-4.40056,23.0396
865,0.197195,0.0449233,0.754409,-0.892315,13.1555,-10.733
866,-7.17938,-7.42624,-7.72385,-7.13708,-4.08254,-6.07935
867,0.286515,0.384742,0.209821,3.82265,10.1617,22.466
868,0.405615,0.39774,1.30429,-2.49704,-8.20681,-11.9589
869,0.155716,0.28711,0.0797859,-1.57466,6.3689,8.03939
870,0.218084,0.0171996,-0.640409,-6.55423,-1.79796,-11.1755
871,-0.372556,-0.313669,1.27334,-9.76642,1.6021,1.15557
872,-0.328604,0.0687694,0.497356,-2.70772,1.42492,1.46771
873,0.341415,0.499985,0.697189,0.323625,-3.4458,20.5666
874,0.129441,-0.198299,0.65391,-2.28433,-3.15316,-0.00926708
875,2.29498,3.22114,-2.66127,-3.14958,-2.91145,4.7015
876,-7.54136,7.74188,10.3806,-6.07853,6.04697,8.69387
877,0.159149,0.189527,0.0604866,-10.4956,2.00363,-21.923
878,0.18038,0.38533,0.103471,-1.43988,18.3321,-14.9438
879,0.0659779,0.00137528,0.528828,-8.97916,-17.1821,12.3676
880,0.884237,1.53173,-0.56873,3.36601,-3.83133,5.87902
881,-0.0449572,-1.85975,-0.640871,1.88513,-14.5588,-4.91019
882,-0.0497919,0.761796,1.43135,5.475,10.1174,12.7023
883,-0.0190017,0.251795,0.222701,1.71211,11.6046,-23.8645
884,0.0625181,0.413347,-0.220385,-14.0211,-1.84749,-29.5532
885,0.0039754,0.196585,0.591186,-2.95299,-5.85713,-5.16896
886,0.176899,0.208255,-0.0472624,-17.1236,4.80105,12.4152
887,0.0444015,0.181519,0.0462619,8.66555,9.48743,-4.13394
888,0.335947,0.196055,0.521932,-0.870549,6.78195,-5.27601
889,0.00845785,0.283069,0.205004,-1.59291,8.39206,1.28155
890,0.147984,0.207626,0.164788,-1.04038,-0.374726,-1.72297
891,0.115904,0.197336,0.187926,-9.12501,16.1159,1.3996
892,-0.184316,0.473348,-0.533741,4.10415,-2.03941,-2.19254
893,0.277075,0.0749533,0.198971,-0.831324,1.1396,21.5399
894,-9.99815,-8.80327,8.03525,-7.96261,-7.06569,5.47718
895,0.151248,0.24116,0.00802425,-1.38585,5.96564,-3.17497
896,0.51935,1.87432,-2.77908,1.95076,-4.09812,1.33641
897,0.173176,0.269706,0.161837,5.04404,6.88217,-1.37002
898,0.251422,0.132492,0.124429,3.05841,-1.17788,-3.06374
899,0.29736,0.552321,0.0770647,3.40325,9.87278,4.18579
900,0.169671,0.233962,0.216708,-1.17722,0.090396,6.56289
901,0.268504,0.145068,0.149568,1.57427,0.938105,-2.71387
902,-6.54794,-6.7834,-7.48686,-5.52474,-6.40595,-5.17376
903,0.232133,0.703012,0.145198,4.84885,-23.6084,-6.52326
904,0.0609897,0.270211,0.118233,-10.8222,-5.79718,8.20733
905,0.238172,0.203754,0.310688,11.4725,2.23774,20.8437
906,0.0619252,0.204419,0.0819326,5.80693,-1.5643,0.698286
907,-0.135482,-0.0410412,-0.399918,-6.99618,-7.37843,-0.431096
908,0.0333866,0.117183,0.068358,-12.8005,-8.03875,17.368
909,0.173158,0.129433,-0.888507,-5.56631,5.08911,-7.26774
910,5.93148,7.1684,-7.8014,4.32398,4.90266,-6.0651
911,0.305628,-0.146476,-0.873833,-0.617694,-4.66629,-2.11756
912,-0.368144,0.277176,-1.39101,3.6476,-3.31909,-0.51704
913,0.106612,0.126592,0.558844,-3.62592,-3.7517,11.9452
914,0.205555,0.372705,-0.120017,-16.6264,-0.641724,7.10145
915,-7.12554,-7.27219,-7.65995,-3.5871,-4.68346,-5.23228
916,0.512309,0.15133,-0.109251,3.96734,-7.37314,-9.3507
917,0.0187407,0.460927,0.379256,-0.673717,0.233956,-15.802
918,0.142152,0.203291,0.171939,-4.99685,-5.44366,3.02371
919,0.0351855,0.338775,-0.400195,0.547881,0.0259218,6.78849
920,0.0316837,-0.0160297,-0.281884,3.73177,-1.7093,-14.9346
921,0.145559,-0.214619,-0.472835,10.5354,9.06073,15.9455
922,0.123053,0.140911,0.262023,-5.85864,3.20137,-16.6849
923,0.193101,0.0543214,0.430155,9.68207,2.93552,0.079852
924,0.123499,0.290182,0.763107,-5.14805,-1.29774,-1.0449
925,-0.132877,0.330048,0.883004,10.812,-2.43454,-7.15781
926,0.386508,1.09058,1.75817,-2.09444,3.57517,3.99775
927,0.0703873,0.435613,0.208463,-3.33448,-8.94463,-10.0633
928,-0.387189,-0.0407301,3.08054,1.90895,-2.80276,-3.09292
929,0.453655,-1.50911,-3.11703,-1.90526,0.864124,-4.79462
930,-0.0730659,0.322558,0.285923,-10.7931,1.6926,0.137548
931,0.138577,0.361222,0.405046,-5.14751,-14.7465,-14.4312
932,-6.3396,-5.50332,-6.94601,-3.51397,-6.22719,-2.7773
933,-0.0568103,0.540352,-1.15872,-5.14154,-2.16566,-8.52088
934,0.833691,1.59214,-0.794872,0.731607,5.89444,-4.56618
935,0.0076058,0.275033,1.19683,2.54499,6.75094,-6.10857
936,-0.0917794,0.0570254,0.621429,-3.78696,-6.46794,-14.4586
937,0.0965883,0.179431,0.270141,-1.70167,18.3059,-11.1508
938,0.0271292,-0.227633,-0.403928,2.0393,-21.7123,-18.3817
939,0.188548,0.273863,0.125376,-24.3063,6.59829,-25.6703
940,0.403201,0.286107,-0.126114,-11.0961,15.3144,18.9266
941,0.244126,0.129145,0.233715,7.02372,-6.19088,-36.0962
942,0.141375,0.256018,0.011169,0.661079,4.52264,-4.4251
943,-6.65748,-5.778,-1.32962,-2.37438,-1.92617,-0.831561
944,0.114422,0.164068,0.576863,-7.98889,-0.159905,-14.2647
945,0.0313694,0.31775,0.123413,5.12982,-4.42061,-9.48313
946,0.109969,0.123258,0.353996,12.5704,0.588619,-2.96547
947,0.186505,0.26534,-0.000556141,4.85596,-0.172233,-11.7463
948,0.101339,0.353052,-0.0755237,-1.15966,2.63473,3.32405
949,3.95878,-3.15969,-5.37355,-0.509706,-0.81322,0.211795
950,0.124191,0.0569484,-0.0715739,1.41382,10.7073,9.92602
951,0.104961,-0.0815361,0.00169836,-12.727,-23.4012,-19.916
952,0.111104,0.0145358,0.000225102,-1.20546,5.23215,14.0462
953,0.384613,0.151545,0.273253,10.6711,9.28121,21.6795
954,0.323988,1.24187,0.502869,3.80372,-2.76781,-0.363458
955,-0.122972,-0.558764,-0.657898,-9.88647,-10.2324,-2.01168
956,0.108206,0.293514,0.171705,4.55874,-10.5386,2.67007
957,-0.134117,0.228401,0.18958,28.0376,-18.1586,-10.3986
958,-0.0567931,0.0570458,0.922893,-1.74783,17.4446,-24.0699
959,0.339504,0.477393,0.390165,8.95665,6.71924,1.36693
960,0.134348,0.281006,0.206305,-1.43108,-1.75362,6.24897
961,0.216455,0.425814,0.136565,-4.50648,-13.3605,16.7111
962,0.192428,0.251114,0.35985,-19.503,-20.0483,-22.1293
963,0.0576924,0.248349,-0.210493,11.5292,8.78513,18.9151
964,0.0887828,0.25725,0.110088,1.59051,0.277693,-8.54681
965,0.676852,0.467721,-0.957896,-6.01164,-4.14151,2.72827
966,0.0682379,0.135533,0.214148,0.823302,-5.71916,-9.67557
967,-0.0258186,0.33764,-0.315504,6.1799,-7.80962,13.6752
968,-9.68262,-8.58153,7.97212,-8.27532,-7.52791,9.06718
969,-0.068502,-0.167352,-0.00240787,-6.8932,-9.94326,-8.60206
970,0.15471,0.150638,0.172292,-10.1426,-1.82726,-3.68579
971,0.466454,1.32922,1.17482,6.62975,7.67441,9.22992
972,0.190254,-0.000971932,0.459422,6.79748,7.61836,-13.246
973,0.49965,0.029551,-0.362243,-2.4777,3.93612,0.214918
974,0.253507,-0.0741236,0.42818,-16.1352,2.98139,33.3727
975,0.18385,0.17344,0.0882565,-8.14042,-3.64127,19.1373
976,0.187744,0.04453,-0.0840481,2.73504,-1.90657,-0.0828582
977,0.226287,-1.38324,-3.27146,-0.261604,1.48532,-5.29977
978,0.300764,0.20955,0.300199,-4.9162,-1.42139,6.82545
979,0.853948,-0.222977,-0.0109399,5.23702,0.378266,4.41238
980,-6.67561,7.72825,-7.72066,-4.58316,7.8133,-4.24403
981,0.326652,-0.157425,-2.43775,-2.17665,3.52121,3.24723
982,0.503626,0.0249475,-0.921673,-4.75211,4.53113,-4.87113
983,0.736413,1.41313,-1.0539,-7.06224,-0.58167,7.23169
984,0.181596,0.208552,0.293969,-5.75758,-1.39863,-12.3231
985,0.537812,0.419796,-1.20331,1.11897,-3.63353,6.08998
986,-5.85468,-6.15478,-6.52636,-3.97665,-4.11868,-5.09676
987,0.258561,0.436591,-0.129593,9.4976,11.2795,-4.91293
988,7.23997,8.42726,-8.46509,5.45166,6.52846,-7.27078
989,0.503458,-0.29559,-2.3861,-4.07759,3.75764,5.46022
990,0.228694,0.237415,0.381143,13.2899,6.37066,21.3432
991,-0.0968465,0.302743,-0.198327,-12.1676,-1.2397,6.44593
992,0.345641,0.257627,0.138716,-2.09411,6.79574,-6.61857
993,-0.148846,0.491432,-0.107525,-0.499982,-3.65641,-6.48052
994,0.308216,0.184412,0.057437,-11.2052,6.09434,19.9983
995,-0.460888,-0.0424848,1.38688,2.40402,3.94586,-3.18992
996,0.262056,0.508878,0.743297,-0.517206,4.43686,9.37807
997,0.0720881,-0.482992,-0.12907,0.622863,-23.9787,1.60054
998,0.115067,0.045429,-0.103198,-4.0931,-11.5794,15.4313
999,0.338239,0.54328,-0.873092,-3.95136,5.86172,-11.1956
1000,0.310462,-0.0304988,0.795395,-1.71339,9.86305,-3.33068
1001,0.109611,0.12367,0.579339,2.2869,-1.40159,-2.91286
1002,7.1178,8.30763,-8.59592,5.69968,6.03031,-5.95243
1003,-0.979829,-0.204139,1.21397,3.16505,4.62041,-4.5687
1004,0.083358,0.348702,0.325681,1.95422,11.8714,-12.3317
1005,0.658967,0.464724,-0.216863,2.59416,-1.03281,-2.06005
1006,-0.110278,0.0188793,0.291398,-1.95219,6.99332,-19.8088
1007,-1.48342,0.218395,2.30298,-5.04337,2.95425,10.752
1008,0.0906271,0.18066,0.123484,2.1384,7.97977,-1.87347
1009,0.123117,0.294006,-0.0389941,-12.9649,14.5425,-2.82777
1010,6.14653,6.54038,6.82629,3.39509,3.99731,4.25839
1011,0.423775,0.402321,-0.162898,17.826,0.871451,-27.1575
1012,0.376493,0.587059,1.00387,4.40849,3.43715,-2.83841
1013,-0.137799,0.20701,0.285587,-2.19095,-13.0515,-2.91599
1014,0.0148385,0.113368,0.138166,-3.63469,6.41636,35.5295
1015,0.124741,0.289497,-0.322951,3.85956,1.07903,18.675
1016,-0.248146,0.398103,-1.22167,3.41174,-2.39086,-3.25836
1017,0.183403,0.275413,-0.034308,3.6132,4.13916,11.0202
1018,0.452832,0.331974,1.0288,0.767028,-0.420107,0.364504
1019,-0.358356,0.204708,0.515823,-3.17367,4.73531,-4.28568
1020,0.183072,0.0520652,-0.299606,0.00131612,-3.05429,-1.53138
1021,0.236523,0.311252,0.0953786,12.3344,0.68398,-4.78323
1022,0.175725,0.454168,-0.0785004,-1.19704,16.3221,-5.70612
1023,0.218105,0.209036,0.119028,-0.0875453,-2.23027,1.03002
1024,0.443402,0.363769,0.444252,-15.6187,5.43133,-7.77827
1025,-0.106801,0.218656,-0.700929,4.80796,9.10647,17.7767
1026,0.116355,0.248676,0.103231,-9.13845,15.3519,-7.56176
1027,0.0905361,0.329443,0.357165,-7.39185,14.025,-2.44846
1028,0.0895842,0.286355,0.373629,-0.527435,2.60507,-9.60505
1029,0.169858,0.209935,0.190908,-2.44135,-4.01555,-7.90677
1030,0.601425,0.359884,0.597344,-8.06555,5.27408,-8.02443
1031,0.134152,0.305046,0.193303,5.66768,-0.897694,1.59099
1032,0.182661,0.208845,0.167798,9.00324,-7.94534,1.07832
1033,0.111365,0.131696,0.0582889,-10.6926,10.0297,11.4446
1034,0.0871972,0.414657,0.523608,-3.23726,11.0154,1.30035
1035,0.114595,0.232036,-0.0671256,3.67638,-0.459761,7.6067
1036,0.193589,0.369526,0.0406151,-5.52376,6.04043,37.1913
1037,-0.164109,0.128993,0.442601,-12.5696,2.39434,16.4317
1038,0.104944,0.384367,-0.00565062,-4.29072,13.9158,6.85065
1039,0.675159,0.522948,1.05819,-9.63151,1.53507,-3.24122
1040,0.459921,-0.277205,-0.253939,4.08876,-24.3147,-8.2074
1041,0.0759747,0.2678,0.339796,3.70601,-4.15725,-15.6964
1042,-8.4673,-6.89123,-9.54186,-5.96642,-6.5809,-6.47764
1043,7.63292,-9.75862,7.76711,5.95462,-7.71616,4.96733
1044,0.17593,0.293401,0.121045,4.18491,6.42513,-1.98452
1045,0.187051,0.109297,-0.0838915,3.82089,-3.26153,-23.8279
1046,0.312923,0.382051,-0.336051,5.69744,7.8774,17.6676
1047,0.0687194,0.0477695,-0.191708,10.0706,15.5687,14.8951
1048,-0.0488307,0.548727,0.440497,-18.3842,3.8463,14.2053
1049,0.105154,0.189426,0.347583,8.34365,-0.847964,20.1125
1050,-0.232915,0.0461029,0.638091,1.31404,-5.05795,-1.07596
1051,0.227789,1.77659,3.00517,2.35149,-2.69557,-2.45435
1052,0.184306,0.282809,-0.00636135,-8.121,-20.2713,19.5214
1053,-0.287719,-0.192961,-0.202112,-4.07987,1.8278,-6.70121
1054,0.140103,0.232755,0.398051,-3.94668,-2.42117,-2.07369
1055,0.138007,0.160399,0.286968,-11.6798,-9.83053,2.60392
1056,-5.74185,-6.70975,-5.84523,-3.45026,-4.89342,-3.11176
1057,0.485863,0.197907,0.526867,9.7887,3.77667,16.2166
1058,0.0264469,0.40908,0.318709,-2.59878,-3.37908,-5.87432
1059,0.31253,0.324621,0.0857565,16.655,6.87274,-17.1775
1060,0.265529,0.150693,-0.0368849,3.8251,11.8983,-12.6129
1061,0.263233,0.324063,0.188629,-5.81636,-4.77874,2.5105
1062,-7.12116,8.37675,-7.94739,-4.60592,5.35133,-5.54302
1063,6.09639,7.02168,7.33662,3.44606,4.03327,4.87576
1064,0.507322,0.200357,2.04114,-2.7863,-0.759062,1.15506
1065,0.0742951,-0.0453975,0.116976,-1.40542,27.5144,8.99198
1066,0.0935988,0.301298,0.108407,-5.14061,2.83117,-0.362659
1067,0.132517,0.247269,-0.510627,-1.10665,3.35109,-0.587596
1068,2.17283,-0.460499,-0.408581,-3.06913,1.96705,-1.82833
1069,-0.0356127,0.235697,0.331582,0.376446,8.11672,-11.7301
1070,1.22474,1.32736,2.31462,-8.38196,-8.00937,-8.72009
1071,-0.422416,-0.0279902,0.683043,4.97908,5.54307,-10.0857
1072,0.2492,0.464658,0.153906,-2.21532,18.4409,-12.4659
1073,0.30644,0.223856,0.0490236,-4.15035,-8.87436,-18.078
1074,0.366797,0.21861,-0.118622,10.2732,14.7746,-16.7336
1075,7.31593,-7.34957,-8.26813,5.74893,-7.3443,-5.38533
1076,0.318125,0.182469,0.0341501,-16.1025,7.45043,0.584421
1077,0.212015,0.418971,0.159381,8.1137,-8.57142,-12.8719
1078,0.207967,0.179968,-0.450487,5.73142,4.65106,-3.64011
1079,0.0670696,0.199392,-0.0409548,4.28651,-2.16754,9.89763
1080,0.0308463,0.0896027,-0.0204745,-7.20614,0.203549,14.6974
1081,0.0940228,0.249886,0.188262,-13.7131,-2.12325,5.91603
1082,0.325738,0.17496,0.172547,-1.12727,3.2911,-3.7103
1083,-0.00826576,0.0754503,0.258409,-4.31172,1.72887,35.4591
1084,0.159773,0.24927,0.0734279,-6.06219,-10.4004,-8.21146
1085,0.21434,0.31465,0.2863,11.4598,-2.51929,-33.9594
1086,0.224677,0.211609,0.3149,2.42092,2.91373,-19.567
1087,0.106334,0.270741,0.67935,-4.29875,-5.30592,-11.7228
1088,0.0980745,0.026799,-0.0973781,17.4822,-11.2475,28.2653
1089,-0.184755,1.52478,-2.19397,2.10427,2.82889,-13.736
1090,0.201613,0.163121,0.173319,9.78767,-2.96034,-0.993245
1091,0.26408,0.222609,0.0869912,-3.01991,3.44789,-3.64349
1092,0.680326,1.12134,-0.978715,10.0647,7.63394,-5.41343
1093,0.149836,0.402769,0.279207,11.2882,10.543,-19.3313
1094,0.693412,0.542536,-0.435633,0.698734,-0.839471,-0.916168
1095,0.164618,0.319848,0.168598,2.97817,4.43069,-1.76523
1096,0.134597,0.461477,0.449313,10.308,2.84911,-5.13274
1097,0.236212,0.164197,0.114454,9.27289,0.618068,5.07482
1098,0.185153,0.207995,0.103058,-3.55863,0.494285,-8.9419
1099,-0.451092,-0.58233,-1.70897,-3.18281,-6.97765,-7.80414
1100,0.10748,0.186658,0.12643,-1.3092,1.88879,-0.544381
1101,-9.85348,-8.63763,7.9748,-7.85154,-7.17278,9.64839
1102,-0.19178,-0.0472536,0.830625,-2.38348,-2.56909,18.5103
1103,0.732545,-0.300477,0.805066,-9.15196,-0.65824,-5.81766
1104,7.234,8.38837,-8.52726,5.32455,6.84421,-7.29566
1105,0.165294,0.102016,0.0488436,10.6926,-1.58068,6.7716
1106,-0.00256005,0.119346,0.145159,-8.36413,11.02,19.8253
1107,-0.357324,0.0461049,-1.16234,-7.32284,-6.79324,-16.6022
1108,0.30531,0.637056,-0.500865,-5.79122,-12.0636,11.2234
1109,0.0293361,0.186766,0.33038,2.27097,-5.3761,35.956
1110,0.241227,0.13523,-0.0722433,-15.1487,6.66783,9.78249
1111,0.849984,-0.526877,1.34966,-3.60462,5.13949,-6.4536
1112,0.128503,0.172562,0.288302,16.335,-0.109768,3.58441
1113,0.206315,0.0319505,0.256614,-11.4958,14.8559,-10.1186
1114,0.258578,0.164912,-0.281922,3.36462,6.70628,-0.674089
1115,-0.00393114,-0.0710979,0.459818,2.24924,1.88028,-20.0222
1116,0.109245,-0.0159286,-0.142659,4.26414,0.898714,-1.24367
1117,-0.476692,-0.27779,0.812248,3.72328,3.76059,-7.77738
1118,8.19329,-8.46251,-8.84486,6.39731,-6.88854,-7.81678
1119,-0.436548,0.237727,-0.560141,-10.5808,-7.8612,-12.1975
1120,0.258381,0.387851,-0.256846,-4.51636,-6.18994,8.64638
1121,0.252967,0.193241,0.122603,-3.24921,5.98978,5.69079
1122,0.13076,0.236999,0.152162,0.461041,3.0901,2.64496
1123,0.0653512,0.140659,0.158111,-8.60522,0.266074,1.80066
1124,0.170771,0.186499,0.130987,10.7952,-8.27364,7.9317
1125,0.243386,0.454962,-0.0081427,-14.4544,-24.1248,5.5412
1126,0.140446,-0.194673,0.947321,1.6279,6.53345,-7.21744
1127,0.370767,0.452174,0.160361,-2.00976,3.35661,4.55371
1128,0.366261,-0.286236,-0.609538,9.44871,-4.29588,-5.35353
1129,7.96745,-8.5673,-8.66846,6.39815,-7.34037,-5.71183
1130,0.171856,0.25423,0.182503,5.89576,-2.75629,0.121196
1131,0.0281989,0.0570657,0.519451,-9.11147,-8.52034,-6.60708
1132,0.0952677,0.191666,0.135779,-0.33767,0.251723,-0.463866
1133,-0.315333,-0.159673,-0.738037,2.80393,2.40751,-6.61114
1134,0.486404,0.54466,0.353788,10.7565,13.7066,18.1581
1135,0.855498,-0.83495,-1.08385,5.95216,-5.95848,-5.40855
1136,0.557992,0.0756601,-0.99547,-8.31781,-2.067,8.75914
1137,0.0502781,0.132425,0.422751,2.18117,6.39456,34.081
1138,-0.0566756,0.208611,0.304983,2.81351,-8.38124,5.70424
1139,0.316149,0.479683,-0.253491,-4.3178,10.1767,-0.296609
1140,0.389661,0.476656,-0.311749,-5.79743,3.86707,1.57957
1141,0.466486,-0.0528305,0.236507,26.2912,-22.8543,-9.42248
1142,2.6099,-3.01648,0.889006,-5.41297,6.24492,-0.266086
1143,-0.991974,-1.17815,1.18789,5.4152,2.2638,-7.017
1144,0.223257,0.475555,-0.328374,5.78058,11.6841,1.61205
1145,0.432036,0.178748,-0.353236,-2.92912,1.89347,5.65471
1146,0.153951,0.172257,0.00612549,-2.66448,-2.13026,1.81221
1147,0.289302,0.152948,0.186238,5.04378,7.31628,5.60102
1148,0.134283,0.295436,0.262311,3.83044,9.02117,4.73717
1149,-0.288112,0.396211,-2.07456,0.210173,4.69961,-1.21152
1150,-0.161021,0.0741159,0.374608,3.54045,-10.9229,21.4087
1151,0.132874,0.281565,0.0789467,-9.39308,1.84547,15.7083
1152,0.00557726,0.134823,-0.181295,1.95484,2.37437,-22.1423
1153,0.0188431,0.487992,0.527621,6.76521,-5.06715,-18.4753
1154,0.806114,-0.894586,2.11019,-2.691,1.06651,-6.22364
1155,-0.0248397,0.465092,0.183541,12.4038,-30.4895,-14.2545
1156,0.0878415,0.221394,-0.130797,2.31824,-6.34735,-14.8332
1157,0.460251,2.44399,2.87785,-2.3851,-0.0746981,3.25587
1158,0.21378,0.114857,0.306759,7.95609,1.0925,-9.26047
1159,6.03074,6.217,6.57743,3.47617,3.61201,4.42112
1160,0.234389,-0.934826,-1.94645,-3.0224,9.43138,5.29631
1161,0.156059,0.202661,0.202729,3.25299,25.1262,-3.85603
1162,-0.0268168,0.215014,-0.313369,18.4805,5.72266,-3.34583
1163,-0.000434926,0.227838,0.312168,1.87021,-3.78196,-9.0587
1164,0.0671395,0.395053,0.317643,-11.4579,7.94607,23.6392
1165,0.463383,0.152222,-0.499612,12.9152,-5.88614,-15.5526
1166,0.226693,0.276541,0.292212,3.80152,-4.11799,13.7259
1167,0.268944,0.0507669,-0.0229852,15.1055,8.14094,-18.0272
1168,0.195925,0.136707,0.0990956,-12.2568,-6.03625,-31.5042
1169,0.483025,-0.195274,1.01817,7.52549,-1.98097,5.81012
1170,0.210706,0.314542,0.307454,6.63844,-6.17101,-5.88754
1171,0.16919,0.24302,-0.244397,6.73433,5.53196,7.49732
1172,0.056685,0.199461,0.0612972,3.09886,-3.3606,-4.10641
1173,0.124116,0.224657,0.172261,-1.54739,3.32893,3.97544
1174,0.151999,0.106121,0.40023,-27.7401,16.0781,19.4455
1175,0.106201,0.23379,0.19929,1.11055,-2.9848,0.237196
1176,0.0867772,0.237233,-0.500163,-5.09093,-12.1893,-2.12071
1177,0.201991,0.216502,0.237365,3.32313,6.13845,25.1058
1178,0.790933,0.968733,-1.32048,3.90858,4.63788,-19.2578
1179,0.0814997,0.346258,0.0279889,-8.02848,7.83146,-1.55158
1180,-0.0984997,0.22742,0.597298,18.4099,-12.2386,-20.1381
1181,0.148413,0.222745,0.132701,8.14946,-2.74483,1.51797
1182,0.309741,0.289487,-0.306884,16.2013,7.38427,-7.52482
1183,0.0174623,0.203975,0.188381,-4.59255,-8.44966,3.77973
1184,0.153348,0.217678,0.235838,-7.06484,13.0915,-6.08859
1185,0.16656,0.337666,0.0130003,0.403894,1.91714,5.45452
1186,0.397778,1.02423,-0.416993,10.9049,12.6966,-17.9236
1187,-8.93002,-8.09122,7.08294,-7.51873,-6.83211,6.50912
1188,0.323144,0.616463,-0.363648,-7.79314,1.40083,5.03767
1189,0.299969,0.25805,0.725844,5.31413,14.0411,23.4492
1190,7.05733,7.45309,7.83483,5.31885,4.86958,5.43466
1191,0.395966,2.13028,2.89248,2.62535,4.0974,8.68395
1192,0.484557,-0.457432,0.765923,-0.698577,16.3625,-11.7771
1193,0.162401,0.19766,0.602078,5.71896,-20.4887,28.0828
1194,0.161876,0.586859,-0.156652,3.65111,0.725675,-0.638434
1195,0.435843,-0.250936,1.43341,2.79481,5.72355,2.5419
1196,0.203145,0.194835,0.239527,-0.610619,2.3727,-5.87683
1197,0.225045,0.34847,0.351485,2.31985,-0.307246,1.90722
1198,-0.316838,-0.191147,-1.66447,4.9065,-0.162337,9.06756
1199,-4.44615,5.62011,-6.0385,-1.397,1.85759,-3.05256
